"Discover",
"Melbournes",
"Street",
"Art",
"LanewaysMelbournes",
"Historical",
"Architecture",
"WalkExplore",
"Melbourne",
"StartupsMelbourne",
"Food",
"ExperienceHidden",
"Contemporary",
"GalleriesQuirky",
"Entertainment",
"AdventuresNewtown",
"Discovery",
"WalkJapanese",
"Bars",
"IzakayaSurry",
"Hills",
"Shopping",
"CafesLocal",
"Picnic",
"MountainsBlue",
"Mountains",
"Hidden",
"BarsCafe",
"CrawlSurry",
"Bar",
"CrawlUrban",
"landmark",
"sketchingA",
"guided",
"historical",
"walk",
"AnnandaleDiscover",
"beautiful",
"Dandenong",
"RangesMelbournes",
"Bestkept",
"SecretsBreakfast",
"secret",
"gardenThe",
"Aweinspiring",
"OtwaysHave",
"fun",
"Bondi",
"BeachEnjoy",
"tour",
"SydneyExperience",
"firefly",
"caveExplore",
"Parramatta",
"RiverDiscover",
"night",
"Sydney",
"harbourEnjoy",
"sunset",
"SydneyCamping",
"Ocean",
"RoadCamper",
"Trailer",
"Tour",
"Mornington",
"PeninsularSpirit",
"OlympicsHistorical",
"Prisons",
"SydneyMelbourne",
"WalkAmazing",
"Gold",
"CoastGreat",
"Rd",
"TourYarra",
"Glen",
"Wine",
"TastingInner",
"North",
"ToursYarra",
"Valley",
"Romantic",
"TourDiscover",
"Cathedral",
"RangesLittle",
"VietnamVictoria",
"St",
"TourSalon",
"Shop",
"Fitzroy",
"WalkMelbourne",
"Craft",
"WalkHave",
"BeachFrom",
"Parliament",
"Kilda",
"PenguinsKangaroos",
"Emus",
"Koalas",
"Gumbuya",
"parkCheese",
"PeninsulaShopping",
"CBDMelbourne",
"CBD",
"WilliamstownThe",
"Exhibition",
"Buildings",
"gardens",
"Behind",
"Closed",
"Doors",
"Beautiful",
"Bays",
"HarbourExquisite",
"fashion",
"shopping",
"Chapel",
"StreetA",
"date",
"Royal",
"Botanic",
"GardensMelbourne",
"city",
"cultural",
"walkThe",
"spetacular",
"Road",
"tourThe",
"Photo",
"Walking",
"MelbourneFederation",
"Square",
"differenceSurfing",
"localThe",
"aurora",
"australis",
"sighting",
"tourDiscover",
"Western",
"TasmaniaThe",
"Hobart",
"Tourmeditating",
"northeast",
"coastDay",
"trips",
"Country",
"VictoriaMelbourne",
"Secrets",
"Coffee",
"Walk",
"Ranges",
"Park",
"EscapeBohemian",
"TourPerfume",
"MelbourneThe",
"Running",
"Man",
"ExperienceSt",
"TourMelbourne",
"Estate",
"AccommodationMelbourne",
"Tea",
"ExperienceGreat",
"TourRunning",
"Tours",
"MelbourneAmazing",
"MelbourneCuddle",
"Koala",
"Historic",
"East",
"End",
"Theatre",
"walk海豚岛一日游",
"体验悉尼最核心灿烂的风景Seasonal",
"Flower",
"Arranging",
"WorkshopYarra",
"trail",
"adventuresEast",
"coastArt",
"Rainforest",
"South",
"CoastLazy",
"LanewayMelbourne",
"University",
"Unforgettable",
"TourRose",
"Jewellery",
"DesignsSt",
"NightlifeDay",
"Sail",
"Harbor体验Wedding",
"Cake",
"Rock神奇自然之美Vintage",
"ExperienceExploring",
"Mountains蓝山（Blue",
"Mountain）探索发现之旅Pelicans",
"Sting",
"Rays",
"Walks",
"Byron",
"Bay",
"Essential",
"ExperiencePicnic",
"atop",
"Mt",
"WarningWhales",
"Watching",
"Surfers",
"Paradise沿澳洲最美车道",
"畅游Marysville小镇Taste",
"tropical",
"fruit",
"orchard60min",
"Air",
"Balloon",
"FlightLuxury",
"Brisbane",
"SanctuaryBoating",
"Yarra",
"River索伦托小镇Night",
"HummerHorse",
"Trail",
"Riding",
"Darling",
"DownsFraser",
"Island",
"Camping",
"4WD",
"AdventureFraser",
"Escape",
"Tour1",
"Moreton",
"Sightseeing",
"TourSnorkel",
"Famous",
"Tangalooma",
"ShipwrecksMoreton",
"2",
"Adventure",
"TourBest",
"Maleny",
"Montville",
"TourProvisioning",
"Foodie",
"TourSpirit",
"Coast",
"Whale",
"WatchingDaintree",
"Wanderer",
"TourDaintree",
"River",
"Morning",
"Afternoon",
"TourShipwrecks",
"Wild",
"Clifftops",
"ExperienceDaintree",
"EveningSpotlighting",
"ToursPenguins",
"Wildlife",
"SummerPenguins",
"Winter30min",
"FlightSurfers",
"Paradise",
"Sunset",
"Kayaking",
"TourFind",
"home",
"sweet",
"JuntingCultural",
"History",
"MelbourneHot",
"Spring",
"PeninsulaDaintree",
"Tour徒步阿凡达",
"Magnificent",
"ExperienceHelicopter",
"Airport",
"TransfersCatch",
"Crab",
"Cairns墨尔本大学一日游Food",
"RainforestDarwin",
"Cyclone",
"Helicopter",
"TourRomantic",
"Getaway",
"Flying",
"Crocs",
"via",
"HelicopterWetlands",
"Wonder",
"TourLitchfield",
"TourKakadu",
"Waterfalls",
"Wetlands",
"HelicopterHelicopter",
"Nitmiluk",
"Park3",
"Rock",
"TripRock",
"TourDarwin",
"Alice",
"Springs",
"Express",
"TourAlice",
"Darwin",
"Package",
"Ultimate",
"wine",
"experienceMelbourne",
"coffee",
"tourYarra",
"wild",
"experienceWorld",
"Heritage",
"Hike",
"Lunch新西兰",
"皇后镇热气球浪漫日出之旅",
"瓦纳卡高空跳伞新西兰",
"皇后镇TSS厄恩斯劳号蒸汽船巡游Kumeu",
"Region",
"CoastWine",
"Cheese",
"Tasting",
"Rural",
"TourPremium",
"Volcano",
"SceneryTown",
"WineThe",
"Waiheke",
"Tour新西兰",
"米尔福德峡湾游船巡航一日游指环王主题皇后镇观光一日游",
"指环王主题皇后镇观光半日游新西兰",
"奥克兰美洲杯帆船超级体验新西兰",
"奥克兰海滨风帆游午餐可选爸爸去哪儿2——霍比特人村一日游Matakana",
"Producers",
"TourMatakana",
"AucklandWine",
"AucklandNew",
"Zealand",
"Lifestyle",
"MatakanaMatakana",
"AucklandMatakana",
"Taste",
"基督城城市观光半日游Wellington",
"4hr",
"TourWellington",
"TourCity",
"WellingtonWairarapa",
"Tour基督城阿卡罗阿港皮划艇野趣之旅基督城阿卡罗阿港2小时大自然之旅",
"Beginner",
"Photography",
"WorkshopAuckland",
"City",
"Twilight",
"TourHarbour",
"Crossing",
"ExperienceGreater",
"Auckland",
"Experience毛利文化体验杭吉晚餐新西兰旅游",
"私人定制Matakana",
"Pickup",
"布里斯班美食游Undiscovered",
"Glenorchy",
"TourUndiscovered",
"Car",
"Horseback",
"Cromwell",
"Bannockburn",
"TourCoronet",
"around",
"Arrowtown",
"TourRoundabout",
"TripAlpaca",
"Farm",
"TourBoutique",
"TourClassic",
"TourMount",
"Cook",
"TripMilford",
"Sound",
"TripDoubtful",
"TripWellington",
"Half",
"TourKapiti",
"CapturedKapiti",
"BriefMartinborough",
"TourWairarapa",
"Township",
"Martinborough",
"Rugged",
"Southern",
"CoastWairarapa",
"Townships",
"Greytown",
"CartertonLord",
"Rings",
"Tour新西兰旅游",
"私人定制",
"奥克兰市区游览中土世界",
"霍比特村",
"和懷托莫萤火虫洞",
"Galleries",
"Lord",
"TourMartinborough",
"TourCraft",
"Beer",
"TourCycling",
"Pencarrow",
"LighthouseGolf",
"DayGolf",
"Paraparaumu",
"BeachKiwi",
"Coastal",
"ExperienceRoyal",
"Wellington",
"Golf",
"Club",
"DayHalf",
"TourFull",
"悉尼大学一日游Wellington",
"Sights",
"Coastline",
"Kiwi",
"ExperienceMartinborough",
"Gourmet",
"TourPalliser",
"–",
"Off",
"Beaten",
"TrackCapital",
"TourHalf",
"MiddleEarth",
"Locations",
"Weta",
"CaveMiddle",
"Earth",
"Middle",
"Filming",
"LocationsMiddle",
"Deluxe",
"EditionHalf",
"Highlights",
"WellingtonWild",
"DayWild",
"DayKapiti",
"Alive",
"DayMatiu",
"Somes",
"DayMartinborough",
"DayCity",
"Maori",
"Arts",
"Tourphillip",
"island",
"adventure",
"mine",
"adventure西南威尔士大学一日游Freedom",
"Romance",
"FlightMilford",
"Wonders",
"FlightMt",
"Mighty",
"Peaks",
"Glaciers",
"Aspiring",
"Grand",
"FlightMaori",
"DayFarm",
"TourSightseeing",
"WaihekeWine",
"Lovers",
"WaihekeDegustation",
"WaihekeArt",
"IslandScenic",
"Flight",
"WaihekeSailing",
"Magical",
"DayWaiheke",
"Stone",
"Carving",
"WorkshopWaiheke",
"Massage",
"Therapy",
"PamperedSurf’s",
"Torquay",
"Bells",
"Beach",
"surf",
"dayPig",
"Abbotsford",
"Convent",
"Collingwood",
"Children’s",
"Studley",
"Boat",
"House",
"Alternative",
"English",
"Chinese非凡胜景西澳马格丽特河美食美酒节自驾游7天西澳玛格丽特河爸爸去哪儿5天之旅西澳大利亚深度10天之旅",
"many",
"interesting",
"cafes",
"Join",
"explore",
"curious",
"places",
"while",
"through",
"street",
"art",
"spots",
"area",
"end",
"experience",
"centre",
"where",
"meet",
"artists",
"marvel",
"stories",
"Surry",
"has",
"bars",
"town",
"Within",
"somewhat",
"hidden",
"hour",
"crawl",
"Experience",
"landmarks",
"eyes",
"artist",
"creating",
"sketch",
"keep",
"souvenir",
"trip",
"bring",
"skills",
"provide",
"rest",
"author",
"Marghanita",
"da",
"Cruz",
"Annandale",
"currently",
"working",
"fifth",
"book",
"1930s",
"inner",
"suburb",
"whose",
"history",
"dates",
"arrival",
"fleet",
"Australia",
"had",
"residents",
"since",
"walkers",
"stroll",
"Annandales",
"elegant",
"ornate",
"buildings",
"pretty",
"love",
"outdoors",
"enjoy",
"being",
"active",
"Perhaps",
"jogging",
"gym",
"strolling",
"park",
"thing",
"does",
"healthy",
"activity",
"stunning",
"scenery",
"sound",
"Busy",
"travelers",
"looking",
"unique",
"yet",
"relaxed",
"variety",
"gems",
"offer",
"3hour",
"taste",
"exciting",
"parts",
"Flowers",
"inside",
"garden",
"was",
"established",
"1908",
"near",
"Enjoy",
"lush",
"features",
"environment",
"help",
"unwind",
"stress",
"week",
"start",
"hearty",
"breakfast",
"among",
"tranquility",
"parks",
"magical",
"place",
"giants",
"once",
"roamed",
"each",
"step",
"salty",
"air",
"damp",
"earth",
"still",
"smells",
"Mother",
"Nature",
"herself",
"Let",
"journey",
"wonder",
"exploration",
"rare",
"aweinspiring",
"landscape",
"remained",
"unchanged",
"untouched",
"millions",
"years",
"Stroll",
"above",
"canopies",
"living",
"fossils",
"world",
"beauty",
"grandeur",
"gaze",
"down",
"mosaic",
"sunlight",
"forest",
"floor",
"holds",
"memories",
"aeons",
"listen",
"echoes",
"birds",
"chirping",
"distant",
"rumbles",
"sea",
"trek",
"along",
"ancient",
"creek",
"beds",
"pristine",
"rainforest",
"find",
"waterfall",
"whispered",
"legends",
"Otways",
"globally",
"iconic",
"synergy",
"energetic",
"metropolitan",
"landscapes",
"wondrous",
"coastal",
"picturesque",
"ferry",
"ride",
"bay",
"we’ll",
"quintessential",
"Aussie",
"summer",
"beach",
"commence",
"Harbour",
"countless",
"quality",
"hotels",
"restaurants",
"We’ll",
"toward",
"QVB",
"you’ll",
"attractive",
"stores",
"Hyde",
"shall",
"arrive",
"Mary’s",
"Sydney’s",
"largest",
"church",
"incredible",
"interior",
"external",
"viewing",
"option",
"renovations",
"process",
"mystical",
"mountain",
"exists",
"specie",
"Firefly",
"Today",
"Mike",
"Mountain",
"animal",
"been",
"found",
"longest",
"inland",
"river",
"today",
"aboard",
"cruiser",
"3",
"hours",
"Along",
"views",
"hear",
"learn",
"photo",
"shooting",
"harbour",
"biggest",
"It’s",
"deepwater",
"port",
"USS",
"Kitty",
"Hawk",
"aircraft",
"carrier",
"dropped",
"anchor",
"here",
"Moreover",
"maritime",
"exercises",
"eight",
"countries",
"happened",
"too",
"nightshift",
"western",
"food",
"Opera",
"Bridge",
"luxury",
"houses",
"leisure",
"nightfall",
"moment",
"Imagine",
"spending",
"warm",
"tent",
"absorbing",
"euphoric",
"sounds",
"ocean",
"waves",
"crashing",
"shoreline",
"world’s",
"truly",
"coastlines",
"indescribable",
"sensation",
"experiencing",
"Add",
"tranquil",
"kayaking",
"intricate",
"waterways",
"ducks",
"swans",
"Victoria’s",
"enclaves",
"waiting",
"explored",
"appreciated",
"guide",
"wi",
"Travelling",
"campertrailer",
"may",
"however",
"greatest",
"ways",
"wonders",
"mobility",
"camping",
"vehicle",
"allows",
"set",
"camp",
"almost",
"anywhere",
"without",
"needing",
"locate",
"level",
"space",
"avoid",
"often",
"arduous",
"securing",
"conventional",
"ground",
"trailer",
"elevated",
"sleeping",
"platform",
"undesirable",
"pests",
"wildlife",
"interference",
"useful",
"asset",
"traveling",
"children",
"Olympic",
"remains",
"opened",
"success",
"2000",
"Games",
"starting",
"line",
"Marathons",
"Cauldron",
"travel",
"Boulevard",
"exiled",
"prisoners",
"Although",
"developed",
"present",
"times",
"notice",
"presence",
"prisons",
"every",
"corner",
"capture",
"glimpses",
"those",
"architectures",
"existed",
"am",
"Chinese",
"girl",
"galleries",
"I’m",
"enthusiastic",
"lover",
"feel",
"artistic",
"atmosphere",
"Maybe",
"again",
"stay",
"sunshine",
"coast",
"wonderful",
"beaches",
"preserves",
"reserves",
"touch",
"nature",
"heritage",
"freshest",
"delicious",
"seafood",
"don’t",
"miss",
"excellent",
"opportunity",
"course",
"prefer",
"shop",
"second",
"mall",
"return",
"fully",
"loaded",
"barbecue",
"buffet",
"become",
"unforgettable",
"memory",
"people",
"more",
"together",
"scenic",
"roads",
"destination",
"Twelve",
"Apostles",
"Those",
"golden",
"cliffs",
"geological",
"anomaly",
"foot",
"awe",
"vision",
"Gibson",
"steps",
"closer",
"warmly",
"invite",
"gentle",
"rolling",
"glades",
"soothing",
"afternoon",
"sun",
"crystal",
"skies",
"Relax",
"vistas",
"guidance",
"allow",
"yourself",
"blend",
"Provincial",
"French",
"paradise",
"tucked",
"away",
"amidst",
"folding",
"greens",
"Here",
"forget",
"pressures",
"urban",
"life",
"breathe",
"drink",
"refreshing",
"water",
"purest",
"form",
"Unspoiled",
"man",
"mountainous",
"region",
"trickles",
"melted",
"snowtops",
"underground",
"rivers",
"giving",
"fairytale",
"Each",
"boutique",
"winery",
"treasure",
"cove",
"offering",
"finest",
"selection",
"locally",
"brewed",
"wines",
"spirits",
"adventurous",
"enough",
"cellar",
"glass",
"white",
"pint",
"ale",
"chirp",
"slowly",
"drifting",
"across",
"sky",
"refresh",
"palate",
"senses",
"let",
"replenish",
"ridding",
"worries",
"vibrant",
"Brunswick",
"known",
"diversity",
"warmth",
"locals",
"road",
"shops",
"cater",
"tastes",
"soaking",
"missed",
"annual",
"music",
"festivals",
"attractions",
"Victoria",
"Market",
"Having",
"lived",
"10",
"keen",
"show",
"off",
"adopted",
"friendly",
"sociable",
"interacting",
"cultures",
"walks",
"guarantee",
"country",
"famous",
"rural",
"lost",
"inspiring",
"youre",
"fit",
"exploratory",
"hike",
"favourite",
"Range",
"State",
"immersion",
"Victorian",
"bushland",
"mighty",
"ash",
"stringy",
"bark",
"forests",
"tree",
"fern",
"gullies",
"riverside",
"strolls",
"chance",
"encounter",
"wide",
"array",
"fauna",
"wallabies",
"grey",
"kangaroos",
"lyrebirds",
"Richmond",
"thriving",
"Vietnamese",
"community",
"it’s",
"self",
"Melbourne’s",
"multicultural",
"multitude",
"culinary",
"choices",
"something",
"everyone",
"appreciate",
"forms",
"Asian",
"cuisine",
"whether",
"Korean",
"certainly",
"eclectic",
"retro",
"uniquely",
"handmade",
"vintage",
"items",
"practical",
"whimsical",
"garments",
"books",
"accessories",
"handcrafts",
"wares",
"introduce",
"oldest",
"heart",
"unlikely",
"need",
"creative",
"project",
"hardtofind",
"crafty",
"Apart",
"lovely",
"koalas",
"adorable",
"definitely",
"cannot",
"penguin",
"due",
"smallest",
"figure",
"penguins",
"Antarctic",
"creatures",
"Follow",
"homecoming",
"photoes",
"memorable",
"Fun",
"shy",
"youYou",
"feed",
"hiding",
"tours",
"relaxing",
"flow",
"stop",
"venue",
"hang",
"staff",
"buy",
"extra",
"takes",
"usA",
"guaranteed",
"always",
"whatever",
"you’re",
"highly",
"sought",
"clothing",
"brands",
"lesser",
"connoisseurs",
"areas",
"laneways",
"churches",
"cruise",
"train",
"Willamstown",
"overview",
"choose",
"fort",
"barbette",
"seaplane",
"tasty",
"meal",
"TITANIC",
"Restuarent",
"peninsula",
"side",
"estuary",
"peaceful",
"understand",
"Learn",
"discovery",
"secrets",
"liveable",
"styles",
"city’s",
"architecture",
"seen",
"streets",
"magic",
"mysteries",
"behind",
"closed",
"doors",
"Building",
"designer",
"planner",
"training",
"passionate",
"historian",
"violin",
"player",
"vegetable",
"gardener",
"hiker",
"sailer",
"incubator",
"innovator",
"dispersed",
"between",
"cosmopolitan",
"eastern",
"suburbs",
"breathtaking",
"northern",
"south",
"coasts",
"NSW",
"southern",
"tablelands",
"ago",
"travelled",
"swelling",
"metropolis",
"Shenzhen",
"China",
"kaleidoscoping",
"chaotic",
"slums",
"Mumbai",
"majestic",
"Istanbul",
"historic",
"deceptive",
"Lyon",
"swanky",
"London",
"order",
"investigate",
"observe",
"partake",
"myriad",
"humanity",
"within",
"plied",
"Meandering",
"narrow",
"lanes",
"observing",
"play",
"discovering",
"detail",
"unveiling",
"rich",
"enjoying",
"delicacies",
"talents",
"Im",
"shopaholic",
"malls",
"exquisite",
"retrovintage",
"Id",
"thrilled",
"share",
"knowledge",
"Gardens",
"attracts",
"16",
"million",
"visitors",
"much",
"valued",
"part",
"owns",
"citys",
"culrual",
"foundd",
"1846",
"ad",
"botanic",
"emerced",
"amazing",
"lakes",
"plants",
"Ill",
"Lets",
"sightings",
"romantic",
"getaway",
"cant",
"coastline",
"creations",
"mother",
"lead",
"worlds",
"lifetime",
"moments",
"photographic",
"equipments",
"instruction",
"walking",
"suitable",
"photographers",
"levels",
"beginners",
"amateurs",
"professionals",
"Depending",
"person’s",
"spend",
"half",
"explaining",
"functions",
"camera",
"images",
"shutter",
"speeds",
"ISO",
"fstops",
"follows",
"taking",
"under",
"instructing",
"photos",
"very",
"hands",
"constant",
"feedback",
"image",
"Explore",
"Federation",
"DifferenceJoin",
"exploring",
"surrounding",
"Through",
"eye",
"‘the",
"creatives’",
"indigenous",
"nonindigenous",
"Australian",
"Artworks",
"Ian",
"Potter",
"Gallery",
"discover",
"fascinating",
"story",
"foreground",
"paving",
"design",
"texts",
"Disrupt",
"surfing",
"custom",
"surfboard",
"manufacturer",
"Part",
"surfers",
"participation",
"starts",
"beginner",
"expert",
"Sighting",
"spectacular",
"Aurora",
"vast",
"starry",
"boat",
"wilderness",
"compasses",
"range",
"values",
"rain",
"Collision",
"footprints",
"quietly",
"view",
"Drive",
"such",
"Phillips",
"scenes",
"bound",
"libraries",
"studios",
"else",
"Meet",
"Michael",
"passion",
"storytelling",
"12",
"freelance",
"West",
"20",
"spectacles",
"ask",
"questions",
"charm",
"comes",
"mapzine",
"made",
"eager",
"gain",
"understanding",
"reputation",
"Locals",
"rather",
"fanatical",
"including",
"myself",
"worked",
"industry",
"several",
"rounded",
"insight",
"appreciation",
"coffees",
"intricacies",
"learning",
"visit",
"couple",
"renowned",
"sample",
"elaborate",
"describe",
"facts",
"chosen",
"samples",
"youll",
"upon",
"meetings",
"conclusion",
"Forget",
"hustle",
"bustle",
"leave",
"join",
"style",
"Where",
"Bohemian",
"Side",
"Hello",
"fragrancelovers",
"ones",
"perfumed",
"rabbit",
"hole",
"perfumista",
"loves",
"scents",
"cents",
"perfumeries",
"perfume",
"testing",
"addition",
"complimented",
"fragrant",
"decants",
"information",
"kit",
"travelling",
"route",
"hit",
"ArcadeHosier",
"LaneCentral",
"streetsVictoria",
"LibraryRoyal",
"Museum",
"must",
"visitor",
"6km",
"playground",
"culturally",
"Originally",
"San",
"Francisco",
"Ive",
"intimate",
"Many",
"inbound",
"interested",
"whats",
"terms",
"potential",
"property",
"purchase",
"investment",
"properties",
"Others",
"arriving",
"study",
"universities",
"TAFE",
"institutes",
"case",
"student",
"accommodation",
"arrangements",
"obvious",
"topic",
"interest",
"concern",
"native",
"Kenya",
"subsequent",
"challenge",
"land",
"decisions",
"regarding",
"provided",
"might",
"adequate",
"solutions",
"housing",
"requirements",
"assist",
"concerned",
"aspects",
"pleasure",
"expansive",
"enlighten",
"contrasting",
"territories",
"locations",
"traditional",
"tea",
"Once",
"considered",
"ritual",
"conducted",
"specific",
"protocol",
"following",
"fashionable",
"acquaintances",
"establishments",
"spin",
"personalized",
"approach",
"perhaps",
"strict",
"formality",
"typical",
"100",
"Felix",
"modern",
"interpretation",
"establishment",
"聆听着海浪击打着沙滩摇一叶独木舟徜徉在美丽的小河里成群的野鸭和天鹅围绕在你的周围",
"闭上眼随波而去让小舟带你去探寻那神秘湿地里的故事。那将是怎样的一种神奇的感受那么让我带你去感受充满了自然风光的大洋路领略不一样的澳洲风光。",
"run",
"Combine",
"state",
"capital",
"Run",
"Included",
"•",
"Pick",
"drop",
"hotel",
"suits",
"subject",
"bookings",
"pace",
"fantastic",
"enthusiast",
"offers",
"broad",
"combination",
"outlets",
"bargain",
"discount",
"highend",
"European",
"retail",
"upper",
"Collins",
"Theres",
"helps",
"navigate",
"efficiently",
"insights",
"recommendations",
"based",
"successful",
"enjoyable",
"cuddling",
"never",
"diverse",
"offerings",
"favourites",
"theatrical",
"plethora",
"worldclass",
"entertainment",
"host",
"events",
"famously",
"Comedy",
"Festival",
"Fringe",
"theatres",
"shaped",
"theatre",
"海豚岛是世界第三大沙岛",
"经过75分钟的船程",
"我们就来到了这个欢乐的岛屿",
"岛上有80多种娱乐项目可以选择",
"滑沙",
"驾驶沙地四驱车",
"Parasailing",
"浮潜",
"等都是不错的选择",
"岛上还在海边设有massage",
"hut",
"和",
"room",
"夜晚来临就到了海豚的开饭时间了",
"在工作人员的引领下",
"就可以下水亲自喂野生海豚了",
"还等什么",
"快来与海豚亲密接触吧",
"在6小时的行程中你将观光到悉尼市中心最有特色最值得一游最著名的旅游胜地",
"在这一路的行程中，你不仅饱览悉尼的自然风光，你也会对澳洲的历史，宗教，法律",
"人文艺术有个更深刻的了解。",
"DIY",
"Seasonal",
"Floral",
"Recipes",
"designed",
"taster",
"floral",
"gift",
"friends",
"simply",
"during",
"corridors",
"surprised",
"amount",
"15km",
"thrill",
"lighting",
"wood",
"fire",
"BBQ",
"cook",
"lunch",
"peopleThis",
"kick",
"winter",
"butt",
"Bonus",
"experiences",
"maybe",
"drawn",
"snapshot",
"feathers",
"turned",
"quills",
"hiking",
"wanna",
"Dove",
"lake",
"Cradle",
"MT",
"Tasmania",
"Devil",
"wombat",
"wallaby",
"Visit",
"studio",
"gallery",
"valley",
"Foxground",
"Surrounded",
"Illawarra",
"Escarpment",
"7",
"Mile",
"award",
"winning",
"Listen",
"songs",
"kangaroo",
"初来墨尔本？又或者来墨尔本已有时日却还未领略够它的浪漫风情？横九竖九的18网格设计使得墨尔本市中心各条街道间穿杂着无数条隐蔽的却富有艺术气息的小街、巷道。穿梭巷道间，咖啡馆、早午餐店、甜品店、书店等各色商铺都蕴满了浓重而热情的当地味儿。当地是个什么味儿？来体会一二便能领略。",
"Grace",
"Australias",
"1",
"UniversityUniversity",
"Parkville",
"Campus",
"fabulous",
"photographer",
"memorize",
"UniMelb",
"Overview",
"lamp",
"bead",
"pearls",
"etc",
"includes",
"making",
"basic",
"piece",
"jewellery",
"beads",
"representation",
"seafront",
"setting",
"whove",
"already",
"enjoyed",
"sunny",
"vibe",
"throughout",
"should",
"said",
"transforms",
"nightlife",
"spot",
"energy",
"begin",
"eateries",
"spring",
"preparation",
"celebrations",
"visually",
"light",
"fades",
"Options",
"numerous",
"grab",
"sneaky",
"increase",
"grows",
"darker",
"shopfronts",
"towards",
"waterfront",
"draw",
"revelers",
"continue",
"onto",
"Ackland",
"continues",
"quick",
"Esplanade",
"Hotel",
"catch",
"live",
"band",
"StKilda",
"authentic",
"morning",
"gorgeous",
"Harbor",
"sail",
"Lavender",
"Rushcutters",
"board",
"sailing",
"yacht",
"skipper",
"Simon",
"Sydneys",
"harbor",
"exclusive",
"neighborhoods",
"include",
"anchoring",
"deserted",
"swim",
"Barbecuing",
"Sailing",
"Necessary",
"sit",
"relax",
"Very",
"Peaceful",
"和友林一起到Wedding",
"Rock一起去领略大自然的神奇美丽吧。Wedding",
"Rock，是悬崖边一块方方正正的石头，形状颜色像极了豆腐，也称为奶酪石，公园门口的介绍称之为Wedding",
"Rock（婚礼蛋糕石",
"Wedding",
"Rock位于皇家国家公园（Royal",
"Park）的海岸徒步路线上，出发点是皇家国家公园里的Bundeena小镇，从悉尼开车到Bundeena，大约一个半小时的车程。整个沿海徒步路线有二十多公里，但是我们的目的地是Wedding",
"Rock，徒步单程距离大约两公里，不考虑拍照停留时间，徒步往返需要大约两个小时。",
"在进入皇家国家公园之后，我们也可能会与可爱的鹦鹉。",
"Fashion",
"hand",
"Melbournian’s",
"somber",
"colours",
"intelligent",
"looks",
"mixing",
"clothes",
"sources",
"splash",
"dab",
"op",
"spice",
"VINTAGE",
"lets",
"Staying",
"mountains",
"organize",
"transport",
"metro",
"highlight",
"villages",
"ofcourse",
"sight",
"蓝山国家公园位于悉尼市区西部100公里，内生长著大面积的原始丛林和亚热带雨林，其中以澳洲国树尤加利树最为知名。当您步入风景如画的原始森林国家公园时，整个空气中散发著尤加利树的清香，给您一种返朴归真的世外桃源般的感受。并且蓝山国家公园拥有类似美国大峡谷的地质地貌。我们还会去到地标处三姐妹山，根据原住民传说，这些山峰原为三个美丽的姊妹，名字分别为梅妮（Meehni）、温拉（Wimlah）及岗内杜（Gunnedoo），她们被力量强大的长老变成了石头。因为她们爱上了另一族的三兄弟，但这是一段不被部落规范所允许的婚姻关系。三兄弟们决定要抢走三姊妹，因此引发大战，长老将三姊妹变成石头以保护她们。",
"Travel",
"Phillip",
"Prior",
"crossing",
"bridge",
"watch",
"Pelican",
"Ray",
"Feeding",
"Remo",
"animals",
"drive",
"Cape",
"Woolamai",
"rarely",
"visited",
"highest",
"point",
"birdlife",
"awaits",
"Bring",
"hat",
"sunscreen",
"weekend",
"Town",
"Renowned",
"Surfing",
"boasts",
"World",
"Warning",
"climb",
"top",
"clouds",
"border",
"ranges",
"picnic",
"Whales",
"upcloseandpersonal",
"decks",
"professional",
"whale",
"watching",
"humpback",
"playful",
"Coast’s",
"operator",
"pride",
"ourselves",
"pioneers",
"groups",
"optimal",
"size",
"ensuring",
"passengers",
"visibility",
"proximity",
"whales",
"dolphins",
"kinds",
"marine",
"2009年的一场维州大火让小镇几乎从地图上销声匿迹，6年后的今天，小镇苏醒如初，静谧清新的让人心悦神怡。沿着澳洲最美车道，让我们一路欢歌，让我们一路赏景。漫步山林间，欣赏Stevenson",
"瀑布，那样的绿，那样的美，那样的空气新鲜。Bruno’s",
"Sculpture",
"Garden布鲁诺艺术雕塑花园，步入一个密林中的童话世界，探寻一个充满幻想的世界。Marysville",
"Trout",
"Salmon",
"Ponds",
"环抱林荫山林，坐享垂钓的乐趣。满山积贮了秋意，枫叶同夕阳也醉红了脸。红的似火，黄的似阳，让我们相约每周天，四季一生的游历，留下对这里的深深眷恋。",
"Aloha",
"Childers",
"Queensland",
"Josh",
"Zoe",
"welcome",
"Hawaiian",
"inspired",
"orchard",
"Down",
"Under",
"Ballooning",
"business",
"QLD",
"Company",
"actually",
"flies",
"Pat",
"koala",
"handfeed",
"hundreds",
"combined",
"subtropical",
"“Australia’s",
"hippest",
"city”",
"Lonely",
"Planet",
"2014",
"Tired",
"building",
"sightseeing",
"let’s",
"boating",
"operating",
"Boathouse",
"1864",
"wooden",
"boathouse",
"fabulously",
"restored",
"Restaurant",
"Cafe",
"Kiosk",
"hire",
"现在我要与你们分享的是最美的朝阳之景，那是从索伦托出发的海港小镇。一个历史公园，拥有欧洲风格的树，色彩缤纷的花园，周围的海滩和整个海湾的美景可以在公园顶部悬崖上关上，然后乘坐半岛渡轮过岸，壮观的40分钟行程为墨尔本最壮观的海岸地区连接了索伦托镇与昆斯克里夫镇的渡轮。从索伦托出发，你会看到百万豪宅坐落在悬崖顶的完美实像，小湾充满了小船，美丽的湿地和历史性的石灰岩的建筑。当不知不觉到达目的地—昆斯克里夫港口。你们会发现这是一座优雅的小镇，保存完好的维多利亚式酒店，宾馆，和古老的教堂，附近有非常艺术话的酒庄，充满了生机勃勃的人文气息，一路到酒窖都是精心布置的各种雕塑，绘画等收藏。下午有时间还可以去附近的吉郎镇需找一段美丽的夕阳之光，在愉悦的午后结束旅程。",
"Cairns",
"Northern",
"Beaches",
"600pm",
"transfer",
"Hummer",
"site",
"cattle",
"farm",
"Kuranda",
"rugged",
"outskirts",
"settle",
"Camp",
"Fire",
"Try",
"Kangaroo",
"Sausages",
"roast",
"marshmallows",
"outback",
"Billy",
"Star",
"Cross",
"begins",
"boarding",
"almighty",
"American",
"Military",
"H1",
"rushed",
"strength",
"performance",
"terrain",
"driven",
"experienced",
"driver",
"Tablelands",
"Granite",
"Gorge",
"met",
"ever",
"Wallaby",
"species",
"KangarooRock",
"eat",
"lucky",
"Joey",
"pouch",
"action",
"packed",
"filled",
"evening",
"star",
"gazing",
"meeting",
"finishes",
"1030pm",
"Ride",
"Cowboy",
"Picturesque",
"countryside",
"deer",
"campsite",
"trails",
"eco",
"Dilli",
"Village",
"Fraser",
"grass",
"campsites",
"islands",
"newest",
"showers",
"toilets",
"Allows",
"hikes",
"Lake",
"Boomanjin",
"Govi",
"Creek",
"Estuary",
"Eastern",
"Surf",
"80",
"Aussies",
"you	Forget",
"resorts",
"tents",
"mattress",
"bags",
"supplied",
"Campsite",
"Desert",
"Sandboarding",
"Lagoon",
"Lighthouse",
"bush",
"safari",
"Attractions",
"environmentally",
"sensitive",
"holiday",
"Depart",
"Redcliffe",
"Roma",
"Transit",
"Centre",
"Port",
"Ferry",
"skilled",
"safety",
"offroad",
"EcoExperience",
"Snorkel",
"Shipwrecks",
"Sand",
"dunes",
"tracks",
"Sandhills",
"Enjoys",
"desert",
"sand",
"Yellow",
"Patch",
"Spend",
"Action",
"comfort",
"having",
"equipment",
"Snorkelling",
"mask",
"snorkel",
"Dolphin",
"Resort",
"buses",
"maximum",
"per",
"GuideDriver",
"stays",
"Highlight",
"Marine",
"Luxury",
"entry",
"fees",
"prearranged",
"Sunrover",
"Team",
"wasted",
"ecoexperience",
"Micatt",
"Sea",
"west",
"Spot",
"fish",
"sometimes",
"dugong",
"turtles",
"Arrive",
"Islands",
"Sandy",
"snorkelling",
"Blackall",
"literally",
"eating",
"tops",
"Called",
"‘Provisioning’",
"makers",
"bread",
"eggs",
"fresh",
"meats",
"cheese",
"speciality",
"products",
"teas",
"freshly",
"roasted",
"esky",
"bus",
"IcePacks",
"easier",
"goodies",
"zip",
"Humpback",
"habitat",
"witness",
"Gentle",
"Giants",
"migrate",
"25",
"24m",
"catamaran",
"biscuits",
"Sightings",
"voucher",
"tropics",
"Daintree",
"Stepping",
"encounters",
"Arriving",
"homemade",
"whilst",
"rainforests",
"exotic",
"aboriginal",
"DAYS",
"Nov31",
"Mar",
"MonFri",
"Apr31",
"Oct",
"Mon",
"Wed",
"Fri",
"usually",
"brackish",
"portion",
"stream",
"saltier",
"mangrove",
"delta",
"Going",
"boats",
"lack",
"hindered",
"canopy",
"clearance",
"goes",
"creeks",
"clearly",
"transition",
"brackishwater",
"mangroves",
"seawater",
"poke",
"Crocodiles",
"providing",
"tide",
"bird",
"outside",
"essentially",
"both",
"Sometimes",
"preferred",
"timeslot",
"instead",
"favourable",
"convenient",
"generally",
"taken",
"dayportion",
"Combination",
"below",
"bunches",
"Pied",
"Imperial",
"Pigeons",
"flying",
"nests",
"mate",
"offshore",
"residence",
"temperature",
"hotter",
"temperatures",
"midday",
"Departing",
"head",
"Westgate",
"heading",
"clings",
"twisting",
"turing",
"bend",
"revealing",
"Winding",
"spotting",
"lovers",
"Tue",
"Thurs",
"Sat",
"skyward",
"satellites",
"meteorites",
"falling",
"stars",
"conditions",
"clean",
"citylight",
"pollution",
"words",
"exhilaration",
"floating",
"turns",
"roosts",
"bats",
"disperse",
"nocturnal",
"choruses",
"spotlight",
"reptiles",
"frogs",
"approached",
"arms",
"length",
"watchers",
"dream",
"merge",
"another",
"southerneastern",
"dairy",
"passing",
"Conservation",
"before",
"dinner",
"permitting",
"Seal",
"Rocks",
"Finally",
"Penguin",
"Parade",
"contact",
"dusk",
"Summer",
"Churchill",
"visiting",
"Winter",
"gives",
"30",
"minute",
"balloon",
"Coasts",
"safest",
"company",
"Broadwater",
"conduct",
"protected",
"mild",
"15",
"metres",
"approximately",
"26",
"degrees",
"regularly",
"Turtles",
"Dolphins",
"Stingrays",
"colourful",
"migration",
"months",
"MayNov",
"Wanna",
"idea",
"estate",
"agencies",
"applying",
"rent",
"house",
"apartment",
"try",
"satisfied",
"teach",
"settlers",
"immigration",
"put",
"shoes",
"insiders",
"Peninsula",
"springs",
"spa",
"90",
"minutes",
"experice",
"globallyinspired",
"bathing",
"cave",
"pool",
"Turkish",
"steam",
"bath",
"Hamam",
"sauna",
"plunge",
"pools",
"hilltop",
"360",
"degree",
"Meanwhile",
"pampering",
"treatments",
"revitalise",
"body",
"mind",
"spirit，including",
"Aboriginalinspired",
"kodo",
"massages",
"facials",
"mud",
"salt",
"wraps",
"healing",
"stone",
"base",
"worry",
"crocodiles",
"getting",
"领路人作为狂热的徒步旅行爱好者，足迹遍布悉尼东西南北十几处徒步路线。此条线路无疑是我心中的NO1。你一定听说过亚利桑那闻名世界的科罗拉多大峡谷，但你未必知道澳大利亚的大峡",
"谷就在你身边！尽管名声不及科罗拉多，但澳洲大峡谷在19世纪就被欧洲人发现而作为旅游胜地开发。在此之前的几百年，这里则是土著人的隐秘聚居地",
"在我们半天的行程中，我们不仅会在山顶俯瞰整个峡谷，更可以置身其中，零距离拥抱这恐龙时代就存在的造物之美。我们所见到的峡谷最深处约19米，由水流冲刷而成。这意味着，顺着石阶行走，每向下五步就见证了100万年的沧海桑田。一路上，我们会途径洞穴，河流，深谷，雨林，瀑布，甚至独木桥。幸运的话，我们更会看到阿凡达星即视感的植物，偶尔调皮的动物。还等什么，奔向大自然吧！Currently",
"Saturday",
"Sunday",
"Looking",
"shuttle",
"service",
"fly",
"hassle",
"either",
"Newcastle",
"airports",
"domestic",
"flight",
"Why",
"Tony",
"strives",
"guests",
"wet",
"skilfully",
"navigates",
"explores",
"nature’s",
"abundance",
"我会带你去看看澳洲排名第一的墨尔本大学。我们会穿过parkville校区，领略让人惊叹的校园建筑设计和图书馆大楼。之后我们还会去传说中只要来墨尔本就需要要去的－古老的维多利亚市场。",
"Wet",
"Tropics",
"beaten",
"track",
"regional",
"producers",
"Barrine",
"Curtain",
"Fig",
"farms",
"foods",
"excite",
"buds",
"savouring",
"cheeses",
"chocolate",
"macadamiasBe",
"entertained",
"informative",
"driverguide",
"explains",
"Atherton",
"Tablelands’",
"points",
"produces",
"Mission",
"Statement",
"Airborne",
"Solutions",
"prominent",
"provider",
"services",
"committed",
"personalised",
"focused",
"standards",
"helicopter",
"Profile",
"created",
"2006",
"joining",
"standing",
"companies",
"partnership",
"greater",
"Territory",
"trades",
"multi",
"ToursThe",
"specialises",
"Scenic",
"Flights",
"Transfers",
"Luxurious",
"Extended",
"Mining",
"Survey",
"Support",
"Film",
"TV",
"production",
"Emergency",
"Medical",
"Rescue",
"consists",
"engine",
"piston",
"turbine",
"helicopters",
"advanced",
"multiengine",
"optimum",
"capability",
"rotary",
"aviation",
"gained",
"Tourism",
"Accreditation",
"2007",
"Brolga",
"Award",
"Winner",
"Business",
"Growth",
"2008",
"andor",
"Transport",
"Operator",
"2009",
"HELICOPTER",
"OPERATORS",
"PROVIDING",
"SERVICE",
"SAFETY",
"lands",
"isolated",
"Bath",
"glow",
"sipping",
"ice",
"champagne",
"five",
"platter",
"returns",
"twilight",
"wont",
"fearsome",
"panoramic",
"sights",
"wetlands",
"abundant",
"landing",
"Darwins",
"Jumping",
"Crocodile",
"Cruise",
"Weve",
"packaged",
"three",
"seeking",
"crocodile",
"really",
"remember",
"prehistoric",
"reptile",
"launching",
"display",
"power",
"thrilling",
"Adelaide",
"Mary",
"enabling",
"incredibly",
"Observe",
"Buffalo",
"Pigs",
"Brumbies",
"Dingoes",
"Wallabies",
"Jabirus",
"Brolgas",
"Upon",
"captain",
"allowing",
"returning",
"heli",
"Litchfield",
"Swim",
"sizzling",
"Top",
"heat",
"cooling",
"swimming",
"rock",
"obtaining",
"birdseye",
"Litchfields",
"waterfalls",
"Indigenous",
"NT",
"medicines",
"tucker",
"plenty",
"300kms",
"Includes",
"Guided",
"LunchDrinks",
"Kakadu",
"Venture",
"deep",
"magnificent",
"Jim",
"Twin",
"Falls",
"Distance",
"floods",
"season",
"restrict",
"access",
"sites",
"capacity",
"cascading",
"plummets",
"Nourlangie",
"Land",
"Cooinda",
"jump",
"Gagudju",
"Dreaming",
"Water",
"extensive",
"wetland",
"system",
"nearly",
"700km",
"delivers",
"less",
"exceptional",
"average",
"Turn",
"clock",
"depart",
"40000",
"inaccessible",
"departing",
"Bamurru",
"Plains",
"watercourses",
"Wildman",
"Alligator",
"Rivers",
"Dreamtime",
"most—‘Turkey",
"Dreaming’",
"‘Canon",
"Hill’—the",
"Continuing",
"showcases",
"escarpments",
"Magela",
"accessible",
"remain",
"forever",
"Continue",
"township",
"Jabiru",
"Fly",
"Jawoyn",
"dramatic",
"gorges",
"Katherine",
"enter",
"35",
"17",
"Crystal",
"Biddlecomb",
"Cascades",
"sweep",
"13",
"otherwise",
"Bula",
"Creatorand",
"Bolung",
"Rainbow",
"Serpent",
"believed",
"reside",
"waters",
"gorge",
"means",
"Cicada",
"Place",
"depending",
"ears",
"humming",
"song",
"venture",
"Visitor",
"further",
"engaging",
"displays",
"media",
"days",
"nights",
"original",
"Uluru",
"Beginning",
"finishing",
"Kata",
"Tjuta",
"Kings",
"Canyon",
"menu",
"trying",
"Camel",
"genuine",
"runs",
"round",
"suited",
"aged",
"18",
"49",
"4",
"Ayers",
"visits",
"legendary",
"Olgas",
"Departs",
"Tuesday",
"Wednesday",
"Returns",
"finish",
"express",
"fast",
"affordable",
"opportunities",
"Devils",
"Marbles",
"Mataranka",
"Thermal",
"Edith",
"Daly",
"Waters",
"pub",
"included",
"cheapest",
"shared",
"dorm",
"dip",
"Days",
"Night",
"Experienced",
"guides",
"Shared",
"Monday",
"March",
"October",
"5",
"oneway",
"selected",
"hostels",
"During",
"vineyard",
"type",
"awarded",
"feathered",
"wineries",
"tasting",
"technique",
"swirl",
"sniff",
"slurp",
"sparling",
"cafe",
"Group",
"types",
"Greek",
"PrecinctVictoria",
"library",
"Queens",
"market",
"Elabana",
"在云端看日出，看着阳光逐渐照亮皇后镇，将是一段毕生难忘的浪漫之旅。最受世界各地游客青睐，有2种高度可选！雪山、湖泊、森林尽收眼底。",
"乘",
"TSS",
"厄恩斯劳号蒸汽船巡游瓦卡蒂普湖无疑是体验皇后镇美景的最佳方式之一。90分钟的轻松巡游为你展现皇后镇雄奇壮美的多姿画卷，同时你还可尽情探索你乘坐的拥有100年历史的蒸汽船，一窥皇后镇辉煌历史。",
"Three",
"premium",
"Kumeu",
"tastings",
"Lunch",
"teacoffee",
"plus",
"farmland",
"Muriwai",
"crackers",
"accompany",
"detailed",
"notes",
"bottled",
"mineral",
"pack",
"guest",
"Sample",
"cheeseboard",
"NZs",
"leisurely",
"accompanied",
"NZ",
"Kapiti",
"Puhoi",
"Whitestone",
"superb",
"Café",
"four",
"downtown",
"Vineyard",
"restaurant",
"coffeetea",
"produce",
"foodie",
"number",
"Max",
"persons",
"discerning",
"fan",
"皇后镇必去经典一日游，感受瀑布、峭壁、山林带来的视觉冲击。",
"乘坐四驱车去探索格林诺奇和瓦卡蒂普盆地那些令人惊艳的风景。有许多享誉全球的国际大片都在这些地方取景拍摄：像纳尼亚创奇、尼斯湖水怪The",
"Horse、《X战警》、金刚狼（Wolverine），还有指环王和霍比特人系列电影。此次一日游中，您将有机会亲身感受电影中的场景，顺带欣赏周边绝美风景。除此之外，导游还会分享这一带的传说，并为你讲述电影在这拍摄时的所发生的趣事。",
"专为指环王迷定制的行程，无论选择哪个行程都能带您穿越到电影中去！",
"美洲杯帆船赛是世界上历史最悠久，最特殊的体育冠军杯和极限帆船赛事，它与奥运会、世界杯足球赛、一级方程式赛车并称为世界四大体育赛事。美洲杯帆船在海洋中创造了无动力下的速度神话，因此也被称为“海洋中的一级方程式”。作为世界上最具影响力的航海赛事，美洲杯帆船通常由亿万富翁和运动精英所垄断。许多世界顶级富豪、社会名流都是美洲杯的忠实爱好者，国际多个著名品牌如路易威登，普拉达，宝马，甲骨文，阿联酋航空都为这项运动提供源源不断财力支持。凝聚高新技术的美洲杯是一个国家经济科技和航海整体实力的体现。",
"与真正的美洲杯赛船来一次亲密的互动是千万人梦寐以求的愿望我们",
"2小时“美洲杯帆船超级体验”让您的梦想变为现实。您可以参与转动绞盘或进行掌舵，了解如何开动竞赛帆船，并有专业船员指导和讲解。",
"拥有清澈碧蓝的海水和四季如春的气候，奥克兰被公认为是风帆爱好者的天堂。在世界各大城市中，奥克兰人均帆船拥有率位居第一，因此享有“风帆之都”的美誉。对奥克兰人来说最钟爱的是大海，最享受的是驾帆逐风。风帆已经成为奥克兰城市明信片，她吸引着世界各地的游客",
"来到这里，感受她，亲近她，热爱她。",
"让我们带你扬帆启航，一起感受奥克兰人休闲自在的蓝色海滨生活。",
"坐在舒适的甲板上，享受午后阳光的暖意和海风习习的凉爽。",
"乘坐我们豪华的私人定制奔驰车，约2个小时的车程来到目的地霍比特人电影拍摄地。",
"HighlightsSavour",
"locallyproduced",
"mouthwatering",
"stops",
"View",
"Matakana",
"sampling",
"vintages",
"Opportunity",
"photographs",
"Lots",
"laughs",
"kiwi",
"lifestyles",
"traditions",
"scene",
"tales",
"owners",
"firsthand",
"handpick",
"region’s",
"favorites",
"hope",
"histories",
"Intimate",
"group",
"educational",
"seeing",
"hearing",
"smelling",
"touching",
"things",
"Excite",
"Senses",
"promises",
"Especially",
"travellers",
"captures",
"Zealand’s",
"Landscapes",
"grown",
"served",
"regions",
"purchased",
"experts",
"flavours",
"Meeting",
"owner’s",
"ventures",
"flourished",
"基督城",
"基督城位于南岛东岸，是南岛最大城市。城内处处洋溢着浓浓的“英国”气息，到处花团锦簇、草木繁盛的景象，为基督城赢得了“花园城市”的美誉。2011年2月22日那次大地震，给基督城带来了严重破坏，现在仍然能在市中心看到残垣断壁的房子。但是，这也丝毫没有减少各地游客到这来一睹这座美丽城市“芳容”的热情",
"highlights",
"halfday",
"pickup",
"liner",
"iSITE",
"ZealandGreater",
"surrounds",
"Breathe",
"deeply",
"busy",
"tells",
"dynamic",
"‘coolest",
"world’",
"4th",
"2011",
"Throughout",
"Wellington’s",
"ends",
"Paul",
"cathedral",
"…",
"Wairarapa",
"Hutt",
"cozy",
"satellite",
"cities",
"Lower",
"Upper",
"located",
"Rimutaka",
"Pass",
"brings",
"leading",
"characteristics",
"dubbed",
"Burgundy",
"November",
"阿卡罗阿",
"阿卡罗阿位于班克斯半岛，最初是法国人定居的地方，因此至今不论是建筑物、街道名称、又或是咖啡馆均带有浓厚的法国风情。整个小镇风光无限，海湾静谧，放眼四周，处处入画。在咖啡馆里喝着咖啡，悠闲的品味着这座小城的气息，这也许就是理想中的生活吧；或乘游船巡游于阿卡罗阿港，观赏可爱而调皮的海豚们在海里相互追逐、嬉戏打闹的有趣场景。",
"Designed",
"enlightening",
"introduction",
"digital",
"photography",
"handson",
"tuition",
"Workshops",
"differ",
"individuals",
"focus",
"solely",
"cover",
"doing",
"Using",
"canvas",
"comprehensive",
"skillset",
"workshop",
"basics",
"key",
"composition",
"appropriate",
"flash",
"workshops",
"limited",
"six",
"participants",
"enables",
"individual",
"attention",
"anyone",
"compact",
"DSLR",
"striking",
"capturing",
"shots",
"Aotea",
"Albert",
"Viaduct",
"Wynyard",
"Quarter",
"perspectives",
"—",
"widely",
"Waterfront",
"Auckland’s",
"famed",
"alongside",
"Waitakere",
"Piha",
"situated",
"在柳岸野生动物保护中心，亲密接触珍贵的新西兰国鸟——奇异鸟。在",
"Ko",
"Tane，体验令人激动人心的毛利文化表演。感受新西兰真正的毛利文化，度过一个难忘的夜晚。",
"我们将驾车前往多个奥克兰附近的景点，公园或是沙滩，带您体验不同元素的奥克兰",
"这里我们采取选择的方式",
"您可以从以下的景点选取2－3左右的地方进行游览",
"每个地方的时长为2－3小时，如果您有特殊需要，延长时间，请和我们的向导商议",
"布里斯班是一个国际知名的旅游都市，更是一个各国美食的聚集地。移民们将欧洲、美洲和亚洲的纯正小吃一起带了进来。如果您也是一个喜欢挑战各国独特风味的美食家，那么跟我一起到本地人“喝酒吃串”的地方吧。作为饭后消食的旅行，我们将在酒足饭饱之后到“后山”上欣赏不一样的布里斯班夜景。见面后，我将先自我介绍，并根据我们的计划，以及您个人的兴趣偏好开展我们具体的行程。我会根据您的口味做一些美食推荐，然后您和朋友就可以循着诱人的香味去捕猎喽",
"endeavour",
"Fiordland",
"guiding",
"Otago",
"Wineries",
"Chauffeuring",
"Weddings",
"occasion",
"call",
"horse",
"glacial",
"fed",
"drops",
"were",
"used",
"“The",
"Trilogy”",
"showcase",
"horseback",
"Cromwells",
"Motor",
"Queenstown",
"Exploring",
"Amisfield",
"Winery",
"Gibston",
"Bungy",
"Jumps",
"Enjoying",
"Shamarra",
"Alpaca",
"herd",
"over130",
"alpacas",
"sheltered",
"overlooked",
"craggy",
"volcanic",
"hills",
"village",
"Akaroa",
"peaks",
"valleys",
"Wanaka",
"Otago’s",
"vineyards",
"characters",
"accent",
"immerse",
"name",
"themselves",
"dedication",
"Mount",
"Doubtful",
"Witness",
"Capital",
"encompassing",
"middle",
"north",
"Sunshine",
"slows",
"majesty",
"Stunnig",
"gourmet",
"hill",
"dotted",
"wonderland",
"disappoints",
"Whether",
"John",
"Carterton",
"substantially",
"added",
"allowed",
"townships",
"workings",
"empire",
"游览奥克市区的景点，一同领略奥克兰本土的都市文化",
"，探索新西兰最地道的街头巷尾，品味世界多元化的美食风味",
"，穿梭玲琅满目的商业步行街。",
"与我一同踏上中途世界的奇妙旅程。",
"contemporary",
"answer",
"opinions",
"artworks",
"exhibiting",
"conversation",
"talking",
"Sit",
"outstanding",
"craft",
"beer",
"connoisseur",
"exercise",
"pleasant",
"9",
"holes",
"idyllic",
"links",
"golfer",
"Regarded",
"courses",
"hemisphere",
"layout",
"undulating",
"dune",
"2002",
"hosted",
"Number",
"Tiger",
"Woods",
"outdoor",
"pursuits",
"golf",
"parkland",
"beautifully",
"manicured",
"kept",
"championship",
"arguably",
"club",
"Sited",
"riverbed",
"weaves",
"featuring",
"thousands",
"trees",
"spent",
"Doug",
"tips",
"forward",
"snaps",
"hereon",
"体验古老文化，畅游知识殿堂",
"perfect",
"operates",
"shine",
"tourist",
"Gain",
"360°",
"quaint",
"Cable",
"optional",
"cost",
"car",
"museum",
"formerly",
"Golden",
"Delight",
"master",
"chefs",
"kitchen",
"Ruth",
"Pretty",
"admiring",
"Nga",
"Manu",
"Sanctuary",
"enclosure",
"café",
"class",
"Southward",
"awardwinning",
"antipasto",
"charming",
"delights",
"delectable",
"Stunning",
"seals",
"fishing",
"Ngawi",
"Palliser",
"fur",
"seal",
"colony",
"lighthouse",
"winetastings",
"‘Fish",
"Chips’",
"microbreweries",
"drinking",
"sumptuous",
"tasted",
"porters",
"pilsners",
"died",
"gone",
"heaven",
"tracked",
"brews",
"tutored",
"brewer",
"converted",
"ranging",
"disused",
"station",
"sophisticated",
"brewery",
"Tasty",
"Tour­­",
"conjunction",
"Rover",
"easiest",
"Wellingtons",
"knowledgeable",
"specialist",
"filming",
"Rivendell",
"Frodo",
"recovered",
"knife",
"attack",
"Anduin",
"Fellowship",
"voyaged",
"Amon",
"Hen",
"Aragorn",
"washed",
"ashore",
"Wargs",
"Isengard",
"Orcs",
"Felling",
"Trees",
"Gandalf",
"rode",
"Saruman",
"lookout",
"Buckland",
"Forest",
"race",
"Buckleberry",
"Hobbits",
"hid",
"NazgulBlack",
"Riders",
"Dunharrow",
"Rohirrim",
"encampment",
"quarry",
"Helms",
"Deep",
"Rohan",
"Minas",
"Tirith",
"Gondor",
"film",
"guideThis",
"Goup",
"settings",
"Sir",
"Peter",
"Jackson",
"LOTR",
"Extending",
"Middleearth",
"Putangirua",
"Pinnacles",
"limestone",
"formations",
"formed",
"Dimholt",
"army",
"aerial",
"remaining",
"later",
"Coolest",
"CapitalOur",
"perspective",
"handpicked",
"desinged",
"interactive",
"extraordinary",
"flora",
"forces",
"collide",
"mythical",
"beasts",
"source",
"ravaged",
"earthquakes",
"cyclones",
"Yet",
"rocky",
"stormy",
"worldrenowned",
"conservation",
"shelter",
"Zealands",
"endangered",
"regenerating",
"revered",
"internationally",
"reserve",
"protecting",
"rarest",
"contrasts",
"Matiu",
"glistening",
"Benefiting",
"alluvial",
"soils",
"producing",
"hour’s",
"treasures",
"Te",
"Papa",
"Cuba",
"Lambton",
"Quay",
"stopping",
"grounds",
"Afterwards",
"360º",
"absolute",
"arts",
"beside",
"daring",
"architectural",
"designs",
"Museums",
"collections",
"latest",
"works",
"Australia’s",
"amazed",
"Penguins",
"day’s",
"fullyguided",
"Mine",
"tram",
"Sovereign",
"Hill",
"新南威尔士大学",
"（The",
"Wales），為澳大利亚八大名校所組成的高校成員，也是Universitas",
"21联盟的一員。大学共有九大学院（Faculty）：文学暨社会学院、建筑环境学院、澳洲商学院、工程学院、法学院、医学院、科学学院、藝術學院和澳洲国防学院；從属於各学院的是不同的学系。这里培育出了不少国际知名的科学家，管理者和政客。如说墨尔本大学校长，悉尼第一位女市长，前澳大利眼首席执行官等等。",
"depicts",
"romance",
"nostalgia",
"biplanes",
"luxurious",
"soar",
"Alps",
"incomparable",
"Milford",
"Soar",
"peak",
"pilot",
"Matterhorn",
"Tititea",
"reigns",
"supreme",
"glorious",
"3033mtrs",
"family",
"combining",
"ancestors",
"laughter",
"weaving",
"bushwalk",
"Awarded",
"NZ’s",
"Cultural",
"why",
"sheep",
"Homestead",
"winebeer",
"Craftmarket",
"honeytasting",
"PLUS",
"carbon",
"offset",
"emphasis",
"thrown",
"measure",
"pairings",
"recommended",
"encompasses",
"bays",
"inlets",
"offered",
"Workshop",
"Pampered",
"ultimate",
"massage",
"followed",
"delicous",
"IslandPLEASE",
"NOTE",
"TOUR",
"UNAVAILABLE",
"MOMENT",
"Watch",
"though",
"Anu",
"Spa",
"done",
"the	",
"speaking",
"surfer",
"bit",
"nose",
"birthplace",
"unless",
"savvy",
"told",
"I’ll",
"what’s",
"speak",
"mins",
"alternative",
"Melbournian",
"makes",
"tick",
"communes",
"artists’",
"quarters",
"independent",
"roll",
"玛格丽特河红酒美食节大型狂欢主题派对，希望海滩垂钓，袋鼠园真枪实弹体验，专业司机驾驶四驱越野极限滑沙。更可自费参加25000英尺高空跳伞，30分钟自驾飞机，热气球探险。2",
"自驾游由西澳资深自驾导游全程带队",
"选用越野性能出众的MITSUBISI",
"PAJERO44或TOYOTA",
"KLUGER",
"4．路况多样。有四驱沙漠极限，沿海公路，沙石路，国道等，多种驾驶体验",
"特色美食。独家澳式海滩BBQ，澳式袋鼠肉，玛格丽特河红酒美食派对入场券",
"一周内不慌不忙地穿越——城市、港口、大海、森林、沙漠、原野、岩石、酒庄等奇观景致",
"在世界上最大的市区公园",
"——",
"Park的草坪上俯瞰珀斯全景",
"在离南极最近的地方面",
"爸爸去哪儿西澳唯一拍摄地玛格丽特河深度游",
"企鹅岛深度探索——最小的企鹅，澳洲国宝级动物大嘴鸟栖息地",
"天气合适，更可在只有退潮才会出现的长滩漫步",
"玛格丽特河——首屈一指国际标准酒庄",
"以上的澳大利亚高级葡萄酒在此地出产",
"巴瑟尔顿栈桥——延入大海最浪漫的长廊",
"全球第二南半球最长纯木板铺就的顶级梦幻栈桥",
"特惠赠送",
"天鹅湖畔澳式烧烤（袋鼠肉，本地牛肉，本地羊肉等特色澳式烧烤）",
"全程吃货导游将推荐您最地道最有特色的澳洲美食",
"西澳大利亚10天深度之旅，全面体验西澳大利亚的壮美风光。",
